,src_ip,unique_dst_ip
0,192.168.107.100,"['192.168.107.227', '0', '8', '9', '2', '3', '7', ""'"", '192.168.107.226', '.', '192.168.107.234', ']', '1', ' ', ',', '4', '192.168.107.238', '6', '[', '192.168.107.222', '192.168.107.223']"
1,192.168.107.101,"['192.168.107.227', '0', '8', '9', '2', '3', '7', ""'"", '192.168.107.226', '.', '192.168.107.234', ']', '1', ' ', '4', ',', '192.168.107.238', '6', '[', '192.168.107.222', '192.168.107.223']"
2,192.168.107.102,"['192.168.107.227', '0', '8', '9', '2', '3', '7', ""'"", '192.168.107.226', '.', '192.168.107.234', ']', '1', ' ', '4', ',', '192.168.107.238', '6', '[', '192.168.107.222', '192.168.107.223']"
3,192.168.107.103,"['192.168.107.227', '0', '8', '9', '2', '3', '7', ""'"", '192.168.107.226', '.', '192.168.107.234', ']', '1', ' ', ',', '4', '192.168.107.238', '6', '[', '192.168.107.222', '192.168.107.223']"
4,192.168.107.104,"['192.168.107.227', '0', '8', '9', '2', '3', '7', ""'"", '192.168.107.226', '.', '192.168.107.234', ']', '1', ' ', ',', '4', '192.168.107.238', '6', '[', '192.168.107.222', '192.168.107.223']"
5,192.168.107.105,"['192.168.107.227', '0', '8', '9', '2', '3', '7', ""'"", '192.168.107.226', '.', '192.168.107.234', ']', '1', ' ', ',', '4', '192.168.107.238', '6', '[', '192.168.107.222', '192.168.107.223']"
6,192.168.107.106,"['192.168.107.227', '0', '8', '9', '2', '3', '7', ""'"", '192.168.107.226', '.', '192.168.107.234', ']', '1', ' ', '4', ',', '192.168.107.238', '6', '[', '192.168.107.222', '192.168.107.223']"
7,192.168.107.107,"['192.168.107.227', '0', '8', '9', '2', '3', '7', ""'"", '192.168.107.226', '.', '192.168.107.234', ']', '1', ' ', ',', '4', '192.168.107.238', '6', '[', '192.168.107.222', '192.168.107.223']"
8,192.168.107.108,"['192.168.107.227', '0', '8', '9', '2', '3', '7', ""'"", '192.168.107.226', '.', '192.168.107.234', ']', '1', ' ', '4', ',', '192.168.107.238', '6', '[', '192.168.107.222', '192.168.107.223']"
9,192.168.107.109,"['192.168.107.227', '0', '8', '9', '2', '3', '7', ""'"", '192.168.107.226', '.', '192.168.107.234', ']', '1', ' ', ',', '4', '192.168.107.238', '6', '[', '192.168.107.222', '192.168.107.223']"
10,192.168.107.11,"['192.168.107.227', '0', '8', '9', '2', '3', '7', ""'"", '192.168.107.226', '.', '192.168.107.234', ']', '1', ' ', '4', ',', '192.168.107.238', '6', '[', '192.168.107.222', '192.168.107.223']"
11,192.168.107.110,"['192.168.107.227', '0', '8', '9', '2', '3', '7', ""'"", '192.168.107.226', '.', '192.168.107.234', ']', '1', ' ', ',', '4', '192.168.107.238', '6', '[', '192.168.107.222', '192.168.107.223']"
12,192.168.107.111,"['192.168.107.227', '0', '8', '9', '2', '3', '7', ""'"", '192.168.107.226', '.', '192.168.107.234', ']', '1', ' ', '4', ',', '192.168.107.238', '6', '[', '192.168.107.222', '192.168.107.223']"
13,192.168.107.112,"['192.168.107.227', '0', '8', '9', '2', '3', '7', ""'"", '192.168.107.226', '.', '192.168.107.234', ']', '1', ' ', '4', ',', '192.168.107.238', '6', '[', '192.168.107.222', '192.168.107.223']"
14,192.168.107.113,"['192.168.107.227', '0', '8', '9', '2', '3', '7', ""'"", '192.168.107.226', '.', '192.168.107.234', ']', '1', ' ', '4', ',', '192.168.107.238', '6', '[', '192.168.107.222', '192.168.107.223']"
15,192.168.107.114,"['192.168.107.227', '0', '192.168.107.126', '8', '9', '2', '192.168.107.205', '192.168.107.58', '3', '7', ""'"", '192.168.107.226', '.', '192.168.107.234', ']', '1', ' ', ',', '4', '192.168.107.238', '6', '[', '192.168.107.222', '192.168.107.223']"
16,192.168.107.115,"['192.168.107.227', '0', '8', '9', '2', '3', '7', ""'"", '192.168.107.226', '.', '192.168.107.234', ']', '1', ' ', '4', ',', '192.168.107.238', '6', '[', '192.168.107.222', '192.168.107.223']"
17,192.168.107.116,"['192.168.107.227', '0', '8', '9', '2', '3', '7', ""'"", '192.168.107.226', '.', '192.168.107.234', ']', '1', ' ', '4', ',', '192.168.107.238', '6', '[', '192.168.107.222', '192.168.107.223']"
18,192.168.107.117,"['192.168.107.227', '0', '8', '9', '2', '3', '7', ""'"", '192.168.107.226', '.', '192.168.107.234', ']', '1', ' ', '4', ',', '192.168.107.238', '6', '[', '192.168.107.222', '192.168.107.223']"
19,192.168.107.118,"['192.168.107.227', '0', '8', '9', '2', '3', '7', ""'"", '192.168.107.226', '.', '192.168.107.234', ']', '1', ' ', ',', '4', '192.168.107.238', '6', '[', '192.168.107.222', '192.168.107.223']"
20,192.168.107.119,"['192.168.107.227', '0', '8', '9', '2', '3', '7', ""'"", '192.168.107.226', '.', '192.168.107.234', ']', '1', ' ', ',', '4', '192.168.107.238', '6', '[', '192.168.107.222', '192.168.107.223']"
21,192.168.107.12,"['192.168.107.227', '0', '8', '9', '2', '3', '7', ""'"", '192.168.107.226', '.', '192.168.107.234', ']', '1', ' ', ',', '4', '192.168.107.238', '6', '[', '192.168.107.222', '192.168.107.223']"
22,192.168.107.120,"['192.168.107.227', '0', '8', '9', '2', '3', '7', ""'"", '192.168.107.226', '.', '192.168.107.234', ']', '1', ' ', '4', ',', '192.168.107.238', '6', '[', '192.168.107.222', '192.168.107.223']"
23,192.168.107.121,"['192.168.107.227', '0', '8', '9', '2', '3', '7', ""'"", '192.168.107.226', '.', '192.168.107.234', ']', '1', ' ', '4', ',', '192.168.107.238', '6', '[', '192.168.107.222', '192.168.107.223']"
24,192.168.107.122,"['192.168.107.227', '0', '8', '9', '2', '3', '7', ""'"", '192.168.107.226', '.', '192.168.107.234', ']', '1', ' ', ',', '4', '192.168.107.238', '6', '[', '192.168.107.222', '192.168.107.223']"
25,192.168.107.123,"['192.168.107.227', '0', '8', '9', '2', '3', '7', ""'"", '192.168.107.226', '.', '192.168.107.234', ']', '1', ' ', ',', '4', '192.168.107.238', '6', '[', '192.168.107.222', '192.168.107.223']"
26,192.168.107.124,"['192.168.107.227', '0', '8', '9', '2', '3', '7', ""'"", '192.168.107.226', '.', '192.168.107.234', ']', '1', ' ', '4', ',', '192.168.107.238', '6', '[', '192.168.107.222', '192.168.107.223']"
27,192.168.107.125,"['192.168.107.227', '0', '8', '9', '2', '3', '7', ""'"", '192.168.107.226', '.', '192.168.107.234', ']', '1', ' ', ',', '4', '192.168.107.238', '6', '[', '192.168.107.222', '192.168.107.223']"
28,192.168.107.126,"['192.168.107.227', '0', '8', '9', '2', '192.168.107.205', '192.168.107.58', '3', '7', ""'"", '192.168.107.226', '.', '192.168.107.234', ']', '1', ' ', '4', ',', '192.168.107.238', '192.168.107.114', '6', '[', '192.168.107.222', '192.168.107.223']"
29,192.168.107.127,"['192.168.107.227', '0', '8', '9', '2', '3', '7', ""'"", '192.168.107.226', '.', '192.168.107.234', ']', '1', ' ', ',', '4', '192.168.107.238', '6', '[', '192.168.107.222', '192.168.107.223']"
30,192.168.107.128,"['192.168.107.227', '0', '8', '9', '2', '3', '7', ""'"", '192.168.107.226', '.', '192.168.107.234', ']', '1', ' ', ',', '4', '192.168.107.238', '6', '[', '192.168.107.222', '192.168.107.223']"
31,192.168.107.129,"['192.168.107.227', '0', '8', '9', '2', '3', '7', ""'"", '192.168.107.226', '.', '192.168.107.234', ']', '1', ' ', '4', ',', '192.168.107.238', '6', '[', '192.168.107.222', '192.168.107.223']"
32,192.168.107.13,"['192.168.107.227', '0', '8', '9', '2', '3', '7', ""'"", '192.168.107.226', '.', '192.168.107.234', ']', '1', ' ', ',', '4', '192.168.107.238', '6', '[', '192.168.107.222', '192.168.107.223']"
33,192.168.107.130,"['192.168.107.227', '0', '8', '9', '2', '3', '7', ""'"", '192.168.107.226', '.', '192.168.107.234', ']', '1', ' ', '4', ',', '192.168.107.238', '6', '[', '192.168.107.222', '192.168.107.223']"
34,192.168.107.131,"['192.168.107.227', '0', '8', '9', '2', '3', '7', ""'"", '192.168.107.226', '.', '192.168.107.234', ']', '1', ' ', ',', '4', '192.168.107.238', '6', '[', '192.168.107.222', '192.168.107.223']"
35,192.168.107.132,"['192.168.107.227', '0', '8', '9', '2', '3', '7', ""'"", '192.168.107.226', '.', '192.168.107.234', ']', '1', ' ', '4', ',', '192.168.107.238', '6', '[', '192.168.107.222', '192.168.107.223']"
36,192.168.107.133,"['192.168.107.227', '0', '8', '9', '2', '3', '7', ""'"", '192.168.107.226', '.', '192.168.107.234', ']', '1', ' ', ',', '4', '192.168.107.238', '6', '[', '192.168.107.222', '192.168.107.223']"
37,192.168.107.134,"['192.168.107.227', '0', '8', '9', '2', '3', '7', ""'"", '192.168.107.226', '.', '192.168.107.234', ']', '1', ' ', ',', '4', '192.168.107.238', '6', '[', '192.168.107.222', '192.168.107.223']"
38,192.168.107.135,"['192.168.107.227', '0', '8', '9', '2', '3', '7', ""'"", '192.168.107.226', '.', '192.168.107.234', ']', '1', ' ', '4', ',', '192.168.107.238', '6', '[', '192.168.107.222', '192.168.107.223']"
39,192.168.107.136,"['192.168.107.227', '0', '8', '9', '2', '3', '7', ""'"", '192.168.107.226', '.', '192.168.107.234', ']', '1', ' ', ',', '4', '192.168.107.238', '6', '[', '192.168.107.222', '192.168.107.223']"
40,192.168.107.137,"['192.168.107.227', '0', '8', '9', '2', '3', '7', ""'"", '192.168.107.226', '.', '192.168.107.234', ']', '1', ' ', '4', ',', '192.168.107.238', '6', '[', '192.168.107.222', '192.168.107.223']"
41,192.168.107.138,"['192.168.107.227', '0', '8', '9', '2', '3', '7', ""'"", '192.168.107.226', '.', '192.168.107.234', ']', '1', ' ', '4', ',', '192.168.107.238', '6', '[', '192.168.107.222', '192.168.107.223']"
42,192.168.107.139,"['192.168.107.227', '0', '8', '9', '2', '3', '7', ""'"", '192.168.107.226', '.', '192.168.107.234', ']', '1', ' ', ',', '4', '192.168.107.238', '6', '[', '192.168.107.222', '192.168.107.223']"
43,192.168.107.14,"['192.168.107.227', '0', '8', '9', '2', '3', '7', ""'"", '192.168.107.226', '.', '192.168.107.234', ']', '1', ' ', '4', ',', '192.168.107.238', '6', '[', '192.168.107.222', '192.168.107.223']"
44,192.168.107.140,"['192.168.107.227', '0', '8', '9', '2', '3', '7', ""'"", '192.168.107.226', '.', '192.168.107.234', ']', '1', ' ', '4', ',', '192.168.107.238', '6', '[', '192.168.107.222', '192.168.107.223']"
45,192.168.107.141,"['192.168.107.227', '0', '8', '9', '2', '3', '7', ""'"", '192.168.107.226', '.', '192.168.107.234', ']', '1', ' ', ',', '4', '192.168.107.238', '6', '[', '192.168.107.222', '192.168.107.223']"
46,192.168.107.142,"['192.168.107.227', '0', '8', '9', '2', '3', '7', ""'"", '192.168.107.226', '.', '192.168.107.234', ']', '1', ' ', '4', ',', '192.168.107.238', '6', '[', '192.168.107.222', '192.168.107.223']"
47,192.168.107.143,"['192.168.107.227', '0', '8', '9', '2', '3', '7', ""'"", '192.168.107.226', '.', '192.168.107.234', ']', '1', ' ', '4', ',', '192.168.107.238', '6', '[', '192.168.107.222', '192.168.107.223']"
48,192.168.107.144,"['192.168.107.227', '0', '8', '9', '2', '3', '7', ""'"", '192.168.107.226', '.', '192.168.107.234', ']', '1', ' ', '4', ',', '192.168.107.238', '6', '[', '192.168.107.222', '192.168.107.223']"
49,192.168.107.145,"['192.168.107.227', '0', '8', '9', '2', '3', '7', ""'"", '192.168.107.226', '.', '192.168.107.234', ']', '1', ' ', '4', ',', '192.168.107.238', '6', '[', '192.168.107.222', '192.168.107.223']"
50,192.168.107.146,"['192.168.107.227', '0', '8', '9', '2', '3', '7', ""'"", '192.168.107.226', '.', '192.168.107.234', ']', '1', ' ', ',', '4', '192.168.107.238', '6', '[', '192.168.107.222', '192.168.107.223']"
51,192.168.107.147,"['192.168.107.227', '0', '8', '9', '2', '3', '7', ""'"", '192.168.107.226', '.', '192.168.107.234', ']', '1', ' ', ',', '4', '192.168.107.238', '6', '[', '192.168.107.222', '192.168.107.223']"
52,192.168.107.148,"['192.168.107.227', '0', '8', '9', '2', '3', '7', ""'"", '192.168.107.226', '.', '192.168.107.234', ']', '1', ' ', '4', ',', '192.168.107.238', '6', '[', '192.168.107.222', '192.168.107.223']"
53,192.168.107.149,"['192.168.107.227', '0', '8', '9', '2', '3', '7', ""'"", '192.168.107.226', '.', '192.168.107.234', ']', '1', ' ', '4', ',', '192.168.107.238', '6', '[', '192.168.107.222', '192.168.107.223']"
54,192.168.107.15,"['192.168.107.227', '0', '8', '9', '2', '3', '7', ""'"", '192.168.107.226', '.', '192.168.107.234', ']', '1', ' ', '4', ',', '192.168.107.238', '6', '[', '192.168.107.222', '192.168.107.223']"
55,192.168.107.150,"['192.168.107.227', '0', '8', '9', '2', '3', '7', ""'"", '192.168.107.226', '.', '192.168.107.234', ']', '1', ' ', '4', ',', '192.168.107.238', '6', '[', '192.168.107.222', '192.168.107.223']"
56,192.168.107.151,"['192.168.107.227', '0', '8', '9', '2', '3', '7', ""'"", '192.168.107.226', '.', '192.168.107.234', ']', '1', ' ', '4', ',', '192.168.107.238', '6', '[', '192.168.107.222', '192.168.107.223']"
57,192.168.107.152,"['192.168.107.227', '0', '8', '9', '2', '3', '7', ""'"", '192.168.107.226', '.', '192.168.107.234', ']', '1', ' ', '4', ',', '192.168.107.238', '6', '[', '192.168.107.222', '192.168.107.223']"
58,192.168.107.153,"['192.168.107.227', '0', '8', '9', '2', '3', '7', ""'"", '192.168.107.226', '.', '192.168.107.234', ']', '1', ' ', ',', '4', '192.168.107.238', '6', '[', '192.168.107.222', '192.168.107.223']"
59,192.168.107.154,"['192.168.107.227', '0', '8', '9', '2', '3', '7', ""'"", '192.168.107.226', '.', '192.168.107.234', ']', '1', ' ', '4', ',', '192.168.107.238', '6', '[', '192.168.107.222', '192.168.107.223']"
60,192.168.107.155,"['192.168.107.227', '0', '8', '9', '2', '3', '7', ""'"", '192.168.107.226', '.', '192.168.107.234', ']', '1', ' ', ',', '4', '192.168.107.238', '6', '[', '192.168.107.222', '192.168.107.223']"
61,192.168.107.156,"['192.168.107.227', '0', '8', '9', '2', '3', '7', ""'"", '192.168.107.226', '.', '192.168.107.234', ']', '1', ' ', ',', '4', '192.168.107.238', '6', '[', '192.168.107.222', '192.168.107.223']"
62,192.168.107.157,"['192.168.107.227', '0', '8', '9', '2', '3', '7', ""'"", '192.168.107.226', '.', '192.168.107.234', ']', '1', ' ', '4', ',', '192.168.107.238', '6', '[', '192.168.107.222', '192.168.107.223']"
63,192.168.107.158,"['192.168.107.227', '0', '8', '9', '2', '3', '7', ""'"", '192.168.107.226', '.', '192.168.107.234', ']', '1', ' ', '4', ',', '192.168.107.238', '6', '[', '192.168.107.222', '192.168.107.223']"
64,192.168.107.159,"['192.168.107.227', '0', '8', '9', '2', '3', '7', ""'"", '192.168.107.226', '.', '192.168.107.234', ']', '1', ' ', ',', '4', '192.168.107.238', '6', '[', '192.168.107.222', '192.168.107.223']"
65,192.168.107.16,"['192.168.107.227', '0', '8', '9', '2', '3', '7', ""'"", '192.168.107.226', '.', '192.168.107.234', ']', '1', ' ', ',', '4', '192.168.107.238', '6', '[', '192.168.107.222', '192.168.107.223']"
66,192.168.107.160,"['192.168.107.227', '0', '8', '9', '2', '3', '7', ""'"", '192.168.107.226', '.', '192.168.107.234', ']', '1', ' ', ',', '4', '192.168.107.238', '6', '[', '192.168.107.222', '192.168.107.223']"
67,192.168.107.161,"['192.168.107.227', '0', '8', '9', '2', '3', '7', ""'"", '192.168.107.226', '.', '192.168.107.234', ']', '1', ' ', ',', '4', '192.168.107.238', '6', '[', '192.168.107.222', '192.168.107.223']"
68,192.168.107.162,"['192.168.107.227', '0', '8', '9', '2', '3', '7', ""'"", '192.168.107.226', '.', '192.168.107.234', ']', '1', ' ', ',', '4', '192.168.107.238', '6', '[', '192.168.107.222', '192.168.107.223']"
69,192.168.107.163,"['192.168.107.227', '0', '8', '9', '2', '3', '7', ""'"", '192.168.107.226', '.', '192.168.107.234', ']', '1', ' ', ',', '4', '192.168.107.238', '6', '[', '192.168.107.222', '192.168.107.223']"
70,192.168.107.164,"['192.168.107.227', '0', '8', '9', '2', '3', '7', ""'"", '192.168.107.226', '.', '192.168.107.234', ']', '1', ' ', ',', '4', '192.168.107.238', '6', '[', '192.168.107.222', '192.168.107.223']"
71,192.168.107.166,"['192.168.107.227', '0', '8', '9', '2', '3', '7', ""'"", '192.168.107.226', '.', '192.168.107.234', ']', '1', ' ', '4', ',', '192.168.107.238', '6', '[', '192.168.107.222', '192.168.107.223']"
72,192.168.107.167,"['192.168.107.227', '0', '8', '9', '2', '3', '7', ""'"", '192.168.107.226', '.', '192.168.107.234', ']', '1', ' ', ',', '4', '192.168.107.238', '6', '[', '192.168.107.222', '192.168.107.223']"
73,192.168.107.168,"['192.168.107.227', '0', '8', '9', '2', '3', '7', ""'"", '192.168.107.226', '.', '192.168.107.234', ']', '1', ' ', ',', '4', '192.168.107.238', '6', '[', '192.168.107.222', '192.168.107.223']"
74,192.168.107.169,"['192.168.107.227', '0', '8', '9', '2', '3', '7', ""'"", '192.168.107.226', '.', '192.168.107.234', ']', '1', ' ', '4', ',', '192.168.107.238', '6', '[', '192.168.107.222', '192.168.107.223']"
75,192.168.107.17,"['192.168.107.227', '0', '8', '9', '2', '3', '7', ""'"", '192.168.107.226', '.', '192.168.107.234', ']', '1', ' ', ',', '4', '192.168.107.238', '6', '[', '192.168.107.222', '192.168.107.223']"
76,192.168.107.170,"['192.168.107.227', '0', '8', '9', '2', '3', '7', ""'"", '192.168.107.226', '.', '192.168.107.234', ']', '1', ' ', ',', '4', '192.168.107.238', '6', '[', '192.168.107.222', '192.168.107.223']"
77,192.168.107.171,"['192.168.107.227', '0', '8', '9', '2', '3', '7', ""'"", '192.168.107.226', '.', '192.168.107.234', ']', '1', ' ', '4', ',', '192.168.107.238', '6', '[', '192.168.107.222', '192.168.107.223']"
78,192.168.107.172,"['192.168.107.227', '0', '8', '9', '2', '3', '7', ""'"", '192.168.107.226', '.', '192.168.107.234', ']', '1', ' ', '4', ',', '192.168.107.238', '6', '[', '192.168.107.222', '192.168.107.223']"
79,192.168.107.173,"['192.168.107.227', '0', '8', '9', '2', '3', '7', ""'"", '192.168.107.226', '.', '192.168.107.234', ']', '1', ' ', ',', '4', '192.168.107.238', '6', '[', '192.168.107.222', '192.168.107.223']"
80,192.168.107.174,"['192.168.107.227', '0', '8', '9', '2', '3', '7', ""'"", '192.168.107.226', '.', '192.168.107.234', ']', '1', ' ', '4', ',', '192.168.107.238', '6', '[', '192.168.107.222', '192.168.107.223']"
81,192.168.107.175,"['192.168.107.227', '0', '8', '9', '2', '3', '7', ""'"", '192.168.107.226', '.', '192.168.107.234', ']', '1', ' ', ',', '4', '192.168.107.238', '6', '[', '192.168.107.222', '192.168.107.223']"
82,192.168.107.176,"['192.168.107.227', '0', '8', '9', '2', '3', '7', ""'"", '192.168.107.226', '.', '192.168.107.234', ']', '1', ' ', ',', '4', '192.168.107.238', '6', '[', '192.168.107.222', '192.168.107.223']"
83,192.168.107.177,"['192.168.107.227', '0', '8', '9', '2', '3', '7', ""'"", '192.168.107.226', '.', '192.168.107.234', ']', '1', ' ', '4', ',', '192.168.107.238', '6', '[', '192.168.107.222', '192.168.107.223']"
84,192.168.107.178,"['192.168.107.227', '0', '8', '9', '2', '3', '7', ""'"", '192.168.107.226', '.', '192.168.107.234', ']', '1', ' ', ',', '4', '192.168.107.238', '6', '[', '192.168.107.222', '192.168.107.223']"
85,192.168.107.179,"['192.168.107.227', '0', '8', '9', '2', '3', '7', ""'"", '192.168.107.226', '.', '192.168.107.234', ']', '1', ' ', ',', '4', '192.168.107.238', '6', '[', '192.168.107.222', '192.168.107.223']"
86,192.168.107.180,"['192.168.107.227', '0', '8', '9', '2', '3', '7', ""'"", '192.168.107.226', '.', '192.168.107.234', ']', '1', ' ', ',', '4', '192.168.107.238', '6', '[', '192.168.107.222', '192.168.107.223']"
87,192.168.107.181,"['192.168.107.227', '0', '8', '9', '2', '3', '7', ""'"", '192.168.107.226', '.', '192.168.107.234', ']', '1', ' ', '4', ',', '192.168.107.238', '6', '[', '192.168.107.222', '192.168.107.223']"
88,192.168.107.182,"['192.168.107.227', '0', '8', '9', '2', '3', '7', ""'"", '192.168.107.226', '.', '192.168.107.234', ']', '1', ' ', ',', '4', '192.168.107.238', '6', '[', '192.168.107.222', '192.168.107.223']"
89,192.168.107.183,"['192.168.107.227', '0', '8', '9', '2', '3', '7', ""'"", '192.168.107.226', '.', '192.168.107.234', ']', '1', ' ', ',', '4', '192.168.107.238', '6', '[', '192.168.107.222', '192.168.107.223']"
90,192.168.107.184,"['192.168.107.227', '0', '8', '9', '2', '3', '7', ""'"", '192.168.107.226', '.', '192.168.107.234', ']', '1', ' ', ',', '4', '192.168.107.238', '6', '[', '192.168.107.222', '192.168.107.223']"
91,192.168.107.185,"['192.168.107.227', '0', '8', '9', '2', '3', '7', ""'"", '192.168.107.226', '.', '192.168.107.234', ']', '1', ' ', ',', '4', '192.168.107.238', '6', '[', '192.168.107.222', '192.168.107.223']"
92,192.168.107.186,"['192.168.107.227', '0', '8', '9', '2', '3', '7', ""'"", '192.168.107.226', '.', '192.168.107.234', ']', '1', ' ', '4', ',', '192.168.107.238', '6', '[', '192.168.107.222', '192.168.107.223']"
93,192.168.107.187,"['192.168.107.227', '0', '8', '9', '2', '3', '7', ""'"", '192.168.107.226', '.', '192.168.107.234', ']', '1', ' ', '4', ',', '192.168.107.238', '6', '[', '192.168.107.222', '192.168.107.223']"
94,192.168.107.188,"['192.168.107.227', '0', '8', '9', '2', '3', '7', ""'"", '192.168.107.226', '.', '192.168.107.234', ']', '1', ' ', ',', '4', '192.168.107.238', '6', '[', '192.168.107.222', '192.168.107.223']"
95,192.168.107.189,"['192.168.107.227', '0', '8', '9', '2', '3', '7', ""'"", '192.168.107.226', '.', '192.168.107.234', ']', '1', ' ', '4', ',', '192.168.107.238', '6', '[', '192.168.107.222', '192.168.107.223']"
96,192.168.107.19,"['192.168.107.227', '0', '8', '9', '2', '3', '7', ""'"", '192.168.107.226', '.', '192.168.107.234', ']', '1', ' ', ',', '4', '192.168.107.238', '6', '[', '192.168.107.222', '192.168.107.223']"
97,192.168.107.190,"['192.168.107.227', '0', '8', '9', '2', '3', '7', ""'"", '192.168.107.226', '.', '192.168.107.234', ']', '1', ' ', ',', '4', '192.168.107.238', '6', '[', '192.168.107.222', '192.168.107.223']"
98,192.168.107.191,"['192.168.107.227', '0', '8', '9', '2', '3', '7', ""'"", '192.168.107.226', '.', '192.168.107.234', ']', '1', ' ', '4', ',', '192.168.107.238', '6', '[', '192.168.107.222', '192.168.107.223']"
99,192.168.107.192,"['192.168.107.227', '0', '8', '9', '2', '3', '7', ""'"", '192.168.107.226', '.', '192.168.107.234', ']', '1', ' ', ',', '4', '192.168.107.238', '6', '[', '192.168.107.222', '192.168.107.223']"
100,192.168.107.193,"['192.168.107.227', '0', '8', '9', '2', '3', '7', ""'"", '192.168.107.226', '.', '192.168.107.234', ']', '1', ' ', '4', ',', '192.168.107.238', '6', '[', '192.168.107.222', '192.168.107.223']"
101,192.168.107.194,"['192.168.107.227', '0', '8', '9', '2', '3', '7', ""'"", '192.168.107.226', '.', '192.168.107.234', ']', '1', ' ', ',', '4', '192.168.107.238', '6', '[', '192.168.107.222', '192.168.107.223']"
102,192.168.107.195,"['192.168.107.227', '0', '8', '9', '2', '3', '7', ""'"", '192.168.107.226', '.', '192.168.107.234', ']', '1', ' ', '4', ',', '192.168.107.238', '6', '[', '192.168.107.222', '192.168.107.223']"
103,192.168.107.196,"['192.168.107.227', '0', '8', '9', '2', '3', '7', ""'"", '192.168.107.226', '.', '192.168.107.234', ']', '1', ' ', '4', ',', '192.168.107.238', '6', '[', '192.168.107.222', '192.168.107.223']"
104,192.168.107.197,"['192.168.107.227', '0', '8', '9', '2', '3', '7', ""'"", '192.168.107.226', '.', '192.168.107.234', ']', '1', ' ', '4', ',', '192.168.107.238', '6', '[', '192.168.107.222', '192.168.107.223']"
105,192.168.107.198,"['192.168.107.227', '0', '8', '9', '2', '3', '7', ""'"", '192.168.107.226', '.', '192.168.107.234', ']', '1', ' ', ',', '4', '192.168.107.238', '6', '[', '192.168.107.222', '192.168.107.223']"
106,192.168.107.199,"['192.168.107.227', '0', '8', '9', '2', '3', '7', ""'"", '192.168.107.226', '.', '192.168.107.234', ']', '1', ' ', '4', ',', '192.168.107.238', '6', '[', '192.168.107.222', '192.168.107.223']"
107,192.168.107.20,"['192.168.107.227', '0', '8', '9', '2', '3', '7', ""'"", '192.168.107.226', '.', '192.168.107.234', ']', '1', ' ', '4', ',', '192.168.107.238', '6', '[', '192.168.107.222', '192.168.107.223']"
108,192.168.107.200,"['192.168.107.227', '0', '8', '9', '2', '3', '7', ""'"", '192.168.107.226', '.', '192.168.107.234', ']', '1', ' ', '4', ',', '192.168.107.238', '6', '[', '192.168.107.222', '192.168.107.223']"
109,192.168.107.201,"['192.168.107.227', '0', '8', '9', '2', '3', '7', ""'"", '192.168.107.226', '.', '192.168.107.234', ']', '1', ' ', ',', '4', '192.168.107.238', '6', '[', '192.168.107.222', '192.168.107.223']"
110,192.168.107.202,"['192.168.107.227', '0', '8', '9', '2', '3', '7', ""'"", '192.168.107.226', '.', '192.168.107.234', ']', '1', ' ', ',', '4', '192.168.107.238', '6', '[', '192.168.107.222', '192.168.107.223']"
111,192.168.107.203,"['192.168.107.227', '0', '8', '9', '2', '3', '7', ""'"", '192.168.107.226', '.', '192.168.107.234', ']', '1', ' ', '4', ',', '192.168.107.238', '6', '[', '192.168.107.222', '192.168.107.223']"
112,192.168.107.204,"['192.168.107.227', '0', '8', '9', '2', '3', '7', ""'"", '192.168.107.226', '.', '192.168.107.234', ']', '1', ' ', '4', ',', '192.168.107.238', '6', '[', '192.168.107.222', '192.168.107.223']"
113,192.168.107.205,"['192.168.107.227', '0', '192.168.107.126', '8', '9', '2', '192.168.107.58', '3', '7', ""'"", '192.168.107.226', '.', '192.168.107.234', ']', '1', ' ', '4', ',', '192.168.107.238', '192.168.107.114', '6', '[', '192.168.107.222', '192.168.107.223']"
114,192.168.107.206,"['192.168.107.227', '0', '8', '9', '2', '3', '7', ""'"", '192.168.107.226', '.', '192.168.107.234', ']', '1', ' ', '4', ',', '192.168.107.238', '6', '[', '192.168.107.222', '192.168.107.223']"
115,192.168.107.207,"['192.168.107.227', '0', '8', '9', '2', '3', '7', ""'"", '192.168.107.226', '.', '192.168.107.234', ']', '1', ' ', ',', '4', '192.168.107.238', '6', '[', '192.168.107.222', '192.168.107.223']"
116,192.168.107.208,"['192.168.107.227', '0', '8', '9', '2', '3', '7', ""'"", '192.168.107.226', '.', '192.168.107.234', ']', '1', ' ', ',', '4', '192.168.107.238', '6', '[', '192.168.107.222', '192.168.107.223']"
117,192.168.107.209,"['192.168.107.227', '0', '8', '9', '2', '3', '7', ""'"", '192.168.107.226', '.', '192.168.107.234', ']', '1', ' ', ',', '4', '192.168.107.238', '6', '[', '192.168.107.222', '192.168.107.223']"
118,192.168.107.210,"['192.168.107.227', '0', '8', '9', '2', '3', '7', ""'"", '192.168.107.226', '.', '192.168.107.234', ']', '1', ' ', ',', '4', '192.168.107.238', '6', '[', '192.168.107.222', '192.168.107.223']"
119,192.168.107.22,"['192.168.107.227', '0', '8', '9', '2', '3', '7', ""'"", '192.168.107.226', '.', '192.168.107.234', ']', '1', ' ', ',', '4', '192.168.107.238', '6', '[', '192.168.107.222', '192.168.107.223']"
120,192.168.107.23,"['192.168.107.227', '0', '8', '9', '2', '3', '7', ""'"", '192.168.107.226', '.', '192.168.107.234', ']', '1', ' ', '4', ',', '192.168.107.238', '6', '[', '192.168.107.222', '192.168.107.223']"
121,192.168.107.24,"['192.168.107.227', '0', '8', '9', '2', '3', '7', ""'"", '192.168.107.226', '.', '192.168.107.234', ']', '1', ' ', '4', ',', '192.168.107.238', '6', '[', '192.168.107.222', '192.168.107.223']"
122,192.168.107.25,"['192.168.107.227', '0', '8', '9', '2', '3', '7', ""'"", '192.168.107.226', '.', '192.168.107.234', ']', '1', ' ', ',', '4', '192.168.107.238', '6', '[', '192.168.107.222', '192.168.107.223']"
123,192.168.107.26,"['192.168.107.227', '0', '8', '9', '2', '3', '7', ""'"", '192.168.107.226', '.', '192.168.107.234', ']', '1', ' ', ',', '4', '192.168.107.238', '6', '[', '192.168.107.222', '192.168.107.223']"
124,192.168.107.27,"['192.168.107.227', '0', '8', '9', '2', '3', '7', ""'"", '192.168.107.226', '.', '192.168.107.234', ']', '1', ' ', '4', ',', '192.168.107.238', '6', '[', '192.168.107.222', '192.168.107.223']"
125,192.168.107.28,"['192.168.107.227', '0', '8', '9', '2', '3', '7', ""'"", '192.168.107.226', '.', '192.168.107.234', ']', '1', ' ', ',', '4', '192.168.107.238', '6', '[', '192.168.107.222', '192.168.107.223']"
126,192.168.107.29,"['192.168.107.227', '0', '8', '9', '2', '3', '7', ""'"", '192.168.107.226', '.', '192.168.107.234', ']', '1', ' ', '4', ',', '192.168.107.238', '6', '[', '192.168.107.222', '192.168.107.223']"
127,192.168.107.31,"['192.168.107.227', '0', '8', '9', '2', '3', '7', ""'"", '192.168.107.226', '.', '192.168.107.234', ']', '1', ' ', ',', '4', '192.168.107.238', '6', '[', '192.168.107.222', '192.168.107.223']"
128,192.168.107.32,"['192.168.107.227', '0', '8', '9', '2', '3', '7', ""'"", '192.168.107.226', '.', '192.168.107.234', ']', '1', ' ', '4', ',', '192.168.107.238', '6', '[', '192.168.107.222', '192.168.107.223']"
129,192.168.107.33,"['192.168.107.227', '0', '8', '9', '2', '3', '7', ""'"", '192.168.107.226', '.', '192.168.107.234', ']', '1', ' ', ',', '4', '192.168.107.238', '6', '[', '192.168.107.222', '192.168.107.223']"
130,192.168.107.34,"['192.168.107.227', '0', '8', '9', '2', '3', '7', ""'"", '192.168.107.226', '.', '192.168.107.234', ']', '1', ' ', ',', '4', '192.168.107.238', '6', '[', '192.168.107.222', '192.168.107.223']"
131,192.168.107.35,"['192.168.107.227', '0', '8', '9', '2', '3', '7', ""'"", '192.168.107.226', '.', '192.168.107.234', ']', '1', ' ', '4', ',', '192.168.107.238', '6', '[', '192.168.107.222', '192.168.107.223']"
132,192.168.107.36,"['192.168.107.227', '0', '8', '9', '2', '3', '7', ""'"", '192.168.107.226', '.', '192.168.107.234', ']', '1', ' ', ',', '4', '192.168.107.238', '6', '[', '192.168.107.222', '192.168.107.223']"
133,192.168.107.37,"['192.168.107.227', '0', '8', '9', '2', '3', '7', ""'"", '192.168.107.226', '.', '192.168.107.234', ']', '1', ' ', ',', '4', '192.168.107.238', '6', '[', '192.168.107.222', '192.168.107.223']"
134,192.168.107.38,"['192.168.107.227', '0', '8', '9', '2', '3', '7', ""'"", '192.168.107.226', '.', '192.168.107.234', ']', '1', ' ', '4', ',', '192.168.107.238', '6', '[', '192.168.107.222', '192.168.107.223']"
135,192.168.107.39,"['192.168.107.227', '0', '8', '9', '2', '3', '7', ""'"", '192.168.107.226', '.', '192.168.107.234', ']', '1', ' ', '4', ',', '192.168.107.238', '6', '[', '192.168.107.222', '192.168.107.223']"
136,192.168.107.40,"['192.168.107.227', '0', '8', '9', '2', '3', '7', ""'"", '192.168.107.226', '.', '192.168.107.234', ']', '1', ' ', '4', ',', '192.168.107.238', '6', '[', '192.168.107.222', '192.168.107.223']"
137,192.168.107.41,"['192.168.107.227', '0', '8', '9', '2', '3', '7', ""'"", '192.168.107.226', '.', '192.168.107.234', ']', '1', ' ', '4', ',', '192.168.107.238', '6', '[', '192.168.107.222', '192.168.107.223']"
138,192.168.107.42,"['192.168.107.227', '0', '8', '9', '2', '3', '7', ""'"", '192.168.107.226', '.', '192.168.107.234', ']', '1', ' ', ',', '4', '192.168.107.238', '6', '[', '192.168.107.222', '192.168.107.223']"
139,192.168.107.43,"['192.168.107.227', '0', '8', '9', '2', '3', '7', ""'"", '192.168.107.226', '.', '192.168.107.234', ']', '1', ' ', ',', '4', '192.168.107.238', '6', '[', '192.168.107.222', '192.168.107.223']"
140,192.168.107.44,"['192.168.107.227', '0', '8', '9', '2', '3', '7', ""'"", '192.168.107.226', '.', '192.168.107.234', ']', '1', ' ', '4', ',', '192.168.107.238', '6', '[', '192.168.107.222', '192.168.107.223']"
141,192.168.107.45,"['192.168.107.227', '0', '8', '9', '2', '3', '7', ""'"", '192.168.107.226', '.', '192.168.107.234', ']', '1', ' ', ',', '4', '192.168.107.238', '6', '[', '192.168.107.222', '192.168.107.223']"
142,192.168.107.46,"['192.168.107.227', '0', '8', '9', '2', '3', '7', ""'"", '192.168.107.226', '.', '192.168.107.234', ']', '1', ' ', ',', '4', '192.168.107.238', '6', '[', '192.168.107.222', '192.168.107.223']"
143,192.168.107.47,"['192.168.107.227', '0', '8', '9', '2', '3', '7', ""'"", '192.168.107.226', '.', '192.168.107.234', ']', '1', ' ', ',', '4', '192.168.107.238', '6', '[', '192.168.107.222', '192.168.107.223']"
144,192.168.107.48,"['192.168.107.227', '0', '8', '9', '2', '3', '7', ""'"", '192.168.107.226', '.', '192.168.107.234', ']', '1', ' ', ',', '4', '192.168.107.238', '6', '[', '192.168.107.222', '192.168.107.223']"
145,192.168.107.49,"['192.168.107.227', '0', '8', '9', '2', '3', '7', ""'"", '192.168.107.226', '.', '192.168.107.234', ']', '1', ' ', ',', '4', '192.168.107.238', '6', '[', '192.168.107.222', '192.168.107.223']"
146,192.168.107.50,"['192.168.107.227', '0', '8', '9', '2', '3', '7', ""'"", '192.168.107.226', '.', '192.168.107.234', ']', '1', ' ', ',', '4', '192.168.107.238', '6', '[', '192.168.107.222', '192.168.107.223']"
147,192.168.107.51,"['192.168.107.227', '0', '8', '9', '2', '3', '7', ""'"", '192.168.107.226', '.', '192.168.107.234', ']', '1', ' ', '4', ',', '192.168.107.238', '6', '[', '192.168.107.222', '192.168.107.223']"
148,192.168.107.52,"['192.168.107.227', '0', '8', '9', '2', '3', '7', ""'"", '192.168.107.226', '.', '192.168.107.234', ']', '1', ' ', '4', ',', '192.168.107.238', '6', '[', '192.168.107.222', '192.168.107.223']"
149,192.168.107.53,"['192.168.107.227', '0', '8', '9', '2', '3', '7', ""'"", '192.168.107.226', '.', '192.168.107.234', ']', '1', ' ', '4', ',', '192.168.107.238', '6', '[', '192.168.107.222', '192.168.107.223']"
150,192.168.107.54,"['192.168.107.227', '0', '8', '9', '2', '3', '7', ""'"", '192.168.107.226', '.', '192.168.107.234', ']', '1', ' ', ',', '4', '192.168.107.238', '6', '[', '192.168.107.222', '192.168.107.223']"
151,192.168.107.55,"['192.168.107.227', '0', '8', '9', '2', '3', '7', ""'"", '192.168.107.226', '.', '192.168.107.234', ']', '1', ' ', '4', ',', '192.168.107.238', '6', '[', '192.168.107.222', '192.168.107.223']"
152,192.168.107.56,"['192.168.107.227', '0', '8', '9', '2', '3', '7', ""'"", '192.168.107.226', '.', '192.168.107.234', ']', '1', ' ', ',', '4', '192.168.107.238', '6', '[', '192.168.107.222', '192.168.107.223']"
153,192.168.107.57,"['192.168.107.227', '0', '8', '9', '2', '3', '7', ""'"", '192.168.107.226', '.', '192.168.107.234', ']', '1', ' ', ',', '4', '192.168.107.238', '6', '[', '192.168.107.222', '192.168.107.223']"
154,192.168.107.58,"['192.168.107.227', '0', '192.168.107.126', '8', '9', '2', '192.168.107.205', '3', '7', ""'"", '192.168.107.226', '.', '192.168.107.234', ']', '1', ' ', ',', '4', '192.168.107.238', '192.168.107.114', '6', '[', '192.168.107.222', '192.168.107.223']"
155,192.168.107.59,"['192.168.107.227', '0', '8', '9', '2', '3', '7', ""'"", '192.168.107.226', '.', '192.168.107.234', ']', '1', ' ', '4', ',', '192.168.107.238', '6', '[', '192.168.107.222', '192.168.107.223']"
156,192.168.107.60,"['192.168.107.227', '0', '8', '9', '2', '3', '7', ""'"", '192.168.107.226', '.', '192.168.107.234', ']', '1', ' ', ',', '4', '192.168.107.238', '6', '[', '192.168.107.222', '192.168.107.223']"
157,192.168.107.61,"['192.168.107.227', '0', '8', '9', '2', '3', '7', ""'"", '192.168.107.226', '.', '192.168.107.234', ']', '1', ' ', ',', '4', '192.168.107.238', '6', '[', '192.168.107.222', '192.168.107.223']"
158,192.168.107.62,"['192.168.107.227', '0', '8', '9', '2', '3', '7', ""'"", '192.168.107.226', '.', '192.168.107.234', ']', '1', ' ', '4', ',', '192.168.107.238', '6', '[', '192.168.107.222', '192.168.107.223']"
159,192.168.107.63,"['192.168.107.227', '0', '8', '9', '2', '3', '7', ""'"", '192.168.107.226', '.', '192.168.107.234', ']', '1', ' ', ',', '4', '192.168.107.238', '6', '[', '192.168.107.222', '192.168.107.223']"
160,192.168.107.64,"['192.168.107.227', '0', '8', '9', '2', '3', '7', ""'"", '192.168.107.226', '.', '192.168.107.234', ']', '1', ' ', ',', '4', '192.168.107.238', '6', '[', '192.168.107.222', '192.168.107.223']"
161,192.168.107.65,"['192.168.107.227', '0', '8', '9', '2', '3', '7', ""'"", '192.168.107.226', '.', '192.168.107.234', ']', '1', ' ', '4', ',', '192.168.107.238', '6', '[', '192.168.107.222', '192.168.107.223']"
162,192.168.107.66,"['192.168.107.227', '0', '8', '9', '2', '3', '7', ""'"", '192.168.107.226', '.', '192.168.107.234', ']', '1', ' ', ',', '4', '192.168.107.238', '6', '[', '192.168.107.222', '192.168.107.223']"
163,192.168.107.67,"['192.168.107.227', '0', '8', '9', '2', '3', '7', ""'"", '192.168.107.226', '.', '192.168.107.234', ']', '1', ' ', ',', '4', '192.168.107.238', '6', '[', '192.168.107.222', '192.168.107.223']"
164,192.168.107.68,"['192.168.107.227', '0', '8', '9', '2', '3', '7', ""'"", '192.168.107.226', '.', '192.168.107.234', ']', '1', ' ', ',', '4', '192.168.107.238', '6', '[', '192.168.107.222', '192.168.107.223']"
165,192.168.107.69,"['192.168.107.227', '0', '8', '9', '2', '3', '7', ""'"", '192.168.107.226', '.', '192.168.107.234', ']', '1', ' ', ',', '4', '192.168.107.238', '6', '[', '192.168.107.222', '192.168.107.223']"
166,192.168.107.70,"['192.168.107.227', '0', '8', '9', '2', '3', '7', ""'"", '192.168.107.226', '.', '192.168.107.234', ']', '1', ' ', ',', '4', '192.168.107.238', '6', '[', '192.168.107.222', '192.168.107.223']"
167,192.168.107.71,"['192.168.107.227', '0', '8', '9', '2', '3', '7', ""'"", '192.168.107.226', '.', '192.168.107.234', ']', '1', ' ', ',', '4', '192.168.107.238', '6', '[', '192.168.107.222', '192.168.107.223']"
168,192.168.107.72,"['192.168.107.227', '0', '8', '9', '2', '3', '7', ""'"", '192.168.107.226', '.', '192.168.107.234', ']', '1', ' ', '4', ',', '192.168.107.238', '6', '[', '192.168.107.222', '192.168.107.223']"
169,192.168.107.73,"['192.168.107.227', '0', '8', '9', '2', '3', '7', ""'"", '192.168.107.226', '.', '192.168.107.234', ']', '1', ' ', ',', '4', '192.168.107.238', '6', '[', '192.168.107.222', '192.168.107.223']"
170,192.168.107.74,"['192.168.107.227', '0', '8', '9', '2', '3', '7', ""'"", '192.168.107.226', '.', '192.168.107.234', ']', '1', ' ', ',', '4', '192.168.107.238', '6', '[', '192.168.107.222', '192.168.107.223']"
171,192.168.107.75,"['192.168.107.227', '0', '8', '9', '2', '3', '7', ""'"", '192.168.107.226', '.', '192.168.107.234', ']', '1', ' ', ',', '4', '192.168.107.238', '6', '[', '192.168.107.222', '192.168.107.223']"
172,192.168.107.76,"['192.168.107.227', '0', '8', '9', '2', '3', '7', ""'"", '192.168.107.226', '.', '192.168.107.234', ']', '1', ' ', ',', '4', '192.168.107.238', '6', '[', '192.168.107.222', '192.168.107.223']"
173,192.168.107.77,"['192.168.107.227', '0', '8', '9', '2', '3', '7', ""'"", '192.168.107.226', '.', '192.168.107.234', ']', '1', ' ', '4', ',', '192.168.107.238', '6', '[', '192.168.107.222', '192.168.107.223']"
174,192.168.107.78,"['192.168.107.227', '0', '8', '9', '2', '3', '7', ""'"", '192.168.107.226', '.', '192.168.107.234', ']', '1', ' ', '4', ',', '192.168.107.238', '6', '[', '192.168.107.222', '192.168.107.223']"
175,192.168.107.79,"['192.168.107.227', '0', '8', '9', '2', '3', '7', ""'"", '192.168.107.226', '.', '192.168.107.234', ']', '1', ' ', ',', '4', '192.168.107.238', '6', '[', '192.168.107.222', '192.168.107.223']"
176,192.168.107.80,"['192.168.107.227', '0', '8', '9', '2', '3', '7', ""'"", '192.168.107.226', '.', '192.168.107.234', ']', '1', ' ', '4', ',', '192.168.107.238', '6', '[', '192.168.107.223']"
177,192.168.107.81,"['192.168.107.227', '0', '8', '9', '2', '3', '7', ""'"", '192.168.107.226', '.', '192.168.107.234', ']', '1', ' ', ',', '4', '192.168.107.238', '6', '[', '192.168.107.222', '192.168.107.223']"
178,192.168.107.82,"['192.168.107.227', '0', '8', '9', '2', '3', '7', ""'"", '192.168.107.226', '.', '192.168.107.234', ']', '1', ' ', ',', '4', '192.168.107.238', '6', '[', '192.168.107.222', '192.168.107.223']"
179,192.168.107.83,"['192.168.107.227', '0', '8', '9', '2', '3', '7', ""'"", '192.168.107.226', '.', '192.168.107.234', ']', '1', ' ', '4', ',', '192.168.107.238', '6', '[', '192.168.107.222', '192.168.107.223']"
180,192.168.107.84,"['192.168.107.227', '0', '8', '9', '2', '3', '7', ""'"", '192.168.107.226', '.', '192.168.107.234', ']', '1', ' ', ',', '4', '192.168.107.238', '6', '[', '192.168.107.222', '192.168.107.223']"
181,192.168.107.85,"['192.168.107.227', '0', '8', '9', '2', '3', '7', ""'"", '192.168.107.226', '.', '192.168.107.234', ']', '1', ' ', ',', '4', '192.168.107.238', '6', '[', '192.168.107.222', '192.168.107.223']"
182,192.168.107.86,"['192.168.107.227', '0', '8', '9', '2', '3', '7', ""'"", '192.168.107.226', '.', '192.168.107.234', ']', '1', ' ', ',', '4', '192.168.107.238', '6', '[', '192.168.107.222', '192.168.107.223']"
183,192.168.107.87,"['192.168.107.227', '0', '8', '9', '2', '3', '7', ""'"", '192.168.107.226', '.', '192.168.107.234', ']', '1', ' ', ',', '4', '192.168.107.238', '6', '[', '192.168.107.222', '192.168.107.223']"
184,192.168.107.88,"['192.168.107.227', '0', '8', '9', '2', '3', '7', ""'"", '192.168.107.226', '.', '192.168.107.234', ']', '1', ' ', ',', '4', '192.168.107.238', '6', '[', '192.168.107.222', '192.168.107.223']"
185,192.168.107.89,"['192.168.107.227', '0', '8', '9', '2', '3', '7', ""'"", '192.168.107.226', '.', '192.168.107.234', ']', '1', ' ', '4', ',', '192.168.107.238', '6', '[', '192.168.107.222', '192.168.107.223']"
186,192.168.107.90,"['192.168.107.227', '0', '8', '9', '2', '3', '7', ""'"", '192.168.107.226', '.', '192.168.107.234', ']', '1', ' ', ',', '4', '192.168.107.238', '6', '[', '192.168.107.222', '192.168.107.223']"
187,192.168.107.91,"['192.168.107.227', '0', '8', '9', '2', '3', '7', ""'"", '192.168.107.226', '.', '192.168.107.234', ']', '1', ' ', '4', ',', '192.168.107.238', '6', '[', '192.168.107.222', '192.168.107.223']"
188,192.168.107.92,"['192.168.107.227', '0', '8', '9', '2', '3', '7', ""'"", '192.168.107.226', '.', '192.168.107.234', ']', '1', ' ', ',', '4', '192.168.107.238', '6', '[', '192.168.107.222', '192.168.107.223']"
189,192.168.107.93,"['192.168.107.227', '0', '8', '9', '2', '3', '7', ""'"", '192.168.107.226', '.', '192.168.107.234', ']', '1', ' ', ',', '4', '192.168.107.238', '6', '[', '192.168.107.222', '192.168.107.223']"
190,192.168.107.94,"['192.168.107.227', '0', '8', '9', '2', '3', '7', ""'"", '192.168.107.226', '.', '192.168.107.234', ']', '1', ' ', '4', ',', '192.168.107.238', '6', '[', '192.168.107.222', '192.168.107.223']"
191,192.168.107.95,"['192.168.107.227', '0', '8', '9', '2', '3', '7', ""'"", '192.168.107.226', '.', '192.168.107.234', ']', '1', ' ', '4', ',', '192.168.107.238', '6', '[', '192.168.107.222', '192.168.107.223']"
192,192.168.107.96,"['192.168.107.227', '0', '8', '9', '2', '3', '7', ""'"", '192.168.107.226', '.', '192.168.107.234', ']', '1', ' ', ',', '4', '192.168.107.238', '6', '[', '192.168.107.222', '192.168.107.223']"
193,192.168.107.97,"['192.168.107.227', '0', '8', '9', '2', '3', '7', ""'"", '192.168.107.226', '.', '192.168.107.234', ']', '1', ' ', ',', '4', '192.168.107.238', '6', '[', '192.168.107.222', '192.168.107.223']"
194,192.168.107.98,"['192.168.107.227', '0', '8', '9', '2', '3', '7', ""'"", '192.168.107.226', '.', '192.168.107.234', ']', '1', ' ', ',', '4', '192.168.107.238', '6', '[', '192.168.107.222', '192.168.107.223']"
195,192.168.107.99,"['192.168.107.227', '0', '8', '9', '2', '3', '7', ""'"", '192.168.107.226', '.', '192.168.107.234', ']', '1', ' ', ',', '4', '192.168.107.238', '6', '[', '192.168.107.222', '192.168.107.223']"
